                  epoch,         train/box_loss,         train/cls_loss,         train/dfl_loss,   metrics/precision(B),      metrics/recall(B),       metrics/mAP50(B),    metrics/mAP50-95(B),           val/box_loss,           val/cls_loss,           val/dfl_loss,                 lr/pg0,                 lr/pg1,                 lr/pg2
                      0,                 1.2941,                0.90951,                 1.0871,                0.87947,                0.86378,                0.92648,                0.63806,                 1.1001,                0.70123,                 1.0036,               0.070075,               0.003325,               0.003325
                      1,                 1.0496,                0.66315,                0.97897,                0.89449,                0.91968,                0.94718,                 0.6757,                 1.0264,                0.63513,                0.97733,               0.038757,              0.0053399,              0.0053399
                      2,                 1.0288,                0.62676,                 0.9664,                0.89616,                0.93622,                0.95571,                0.68866,                0.99071,                0.62217,                 0.9627,              0.0061187,              0.0060349,              0.0060349
                      3,                0.99151,                0.59677,                0.95693,                0.90841,                0.94698,                 0.9673,                 0.7073,                0.98813,                0.58911,                0.95513,                0.00406,                0.00406,                0.00406
                      4,                0.96122,                0.57041,                0.94511,                0.93331,                0.93719,                0.96569,                0.70459,                0.94069,                0.55291,                0.95499,                0.00406,                0.00406,                0.00406
